{
  "g_losses": [
    0.6800519619137049
  ],
  "d_losses": [
    1.332595106214285
  ],
  "epochs": [
    1
  ],
  "g_lr": [
    0.0002
  ],
  "d_lr": [
    0.0002
  ]
}