{
  "g_losses": [
    0.7607282805950084,
    0.761394295286625,
    0.7498493790626526,
    0.8555285258496061,
    0.9457224607467651,
    0.9164664593148739,
    0.9114417167420082,
    0.897116926122219,
    0.9293852790873102,
    0.9509187480236622,
    0.9294711744531672,
    0.9669340493831229,
    0.9698268010261211,
    0.9511142918404113,
    0.9764685402525232,
    0.9895021116479914,
    1.0022352249064344,
    1.0049184624184953,
    1.0592562898676445,
    1.0679400119375675,
    1.1232298460412533,
    1.1348552856039493,
    1.1658496273324845,
    1.2197930077289014,
    1.2588321376354137,
    1.2877148440543642,
    1.3446133872295947,
    1.3622570266114904,
    1.3947566874483799,
    1.4081173906935023,
    1.4444827221809549,
    1.5056634304371286,
    1.5631500228922417,
    1.586335372417531,
    1.5969687903181036,
    1.605594498045901,
    1.6184034601170967,
    1.682018427138633,
    1.6507560648816697,
    1.6568471751314529,
    1.68564358417024,
    1.7028352833808738,
    1.7192774808153193,
    1.6695505583539922,
    1.6969973001074283,
    1.7454644644514044,
    1.7271052954044748,
    1.7439375329524913,
    1.747696655861875,
    1.7451926444439179,
    1.7405376510417208,
    1.720145083488302,
    1.7369695343869798,
    1.757182461150149,
    1.7101206880934694,
    1.7222263356472582,
    1.7611959487833875,
    1.7799296429816713,
    1.7694355807405837,
    1.7767800752152787,
    1.7805929285414674,
    1.8074119801216937,
    1.8006635929675812,
    1.8210581642516115,
    1.8352934198176607,
    1.82097523516797,
    1.8456710247283286,
    1.8695664177549647,
    1.880284608678615,
    1.9126874791814925,
    1.8957690406352916,
    1.8842694936914648,
    1.9402747179599518,
    1.9514430380882102,
    1.9698271041220807
  ],
  "d_losses": [
    1.2580664081776396,
    1.2575181443640526,
    1.247830256502679,
    1.1405193957876651,
    1.0986583689425855,
    1.1900750068908041,
    1.2120890820280035,
    1.1758758514485461,
    1.1381003552294793,
    1.132237951806251,
    1.1393835493858824,
    1.148062325538473,
    1.167334442443036,
    1.1445535839872156,
    1.141076700484499,
    1.133255219205897,
    1.1131478928505105,
    1.1036769849188783,
    1.0854285574973899,
    1.063797638771382,
    1.040910634588688,
    1.0009229906061863,
    0.9646885597959478,
    0.9583126864534743,
    0.9276898452576171,
    0.9037903001967896,
    0.8927385908492068,
    0.8940471398069504,
    0.8721388819369864,
    0.8654661850726351,
    0.8614642303040687,
    0.8251919581535014,
    0.8235167455165944,
    0.7893838463945592,
    0.7841480919655334,
    0.7637860305765842,
    0.771999995759193,
    0.7505888685267023,
    0.7580912671190627,
    0.7372491524574605,
    0.7321931047642485,
    0.7310577656360383,
    0.7499783318093483,
    0.7301523064045196,
    0.7224967885524669,
    0.7279643035949545,
    0.7260457962117297,
    0.7313972521335521,
    0.7188256141987253,
    0.7234213073202904,
    0.7229452171224229,
    0.7051221664915693,
    0.6993979190258269,
    0.7195652812085254,
    0.6897226204263404,
    0.7022988694779416,
    0.6974166517562055,
    0.7008437374804882,
    0.678359680987419,
    0.6803751771754407,
    0.6767457508026286,
    0.6741250176379021,
    0.6693400943532903,
    0.6498758881650073,
    0.663451724229975,
    0.6621423033957786,
    0.6300837403916298,
    0.6300921364033476,
    0.6283348392932973,
    0.637012724546676,
    0.6211416531116405,
    0.6102055457044155,
    0.6088741104653541,
    0.6102884602039418,
    0.60545562746677
  ],
  "epochs": [
    1,
    2,
    3,
    4,
    5,
    6,
    7,
    8,
    9,
    10,
    11,
    12,
    13,
    14,
    15,
    16,
    17,
    18,
    19,
    20,
    21,
    22,
    23,
    24,
    25,
    26,
    27,
    28,
    29,
    30,
    31,
    32,
    33,
    34,
    35,
    36,
    37,
    38,
    39,
    40,
    41,
    42,
    43,
    44,
    45,
    46,
    47,
    48,
    49,
    50,
    51,
    52,
    53,
    54,
    55,
    56,
    57,
    58,
    59,
    60,
    61,
    62,
    63,
    64,
    65,
    66,
    67,
    68,
    69,
    70,
    71,
    72,
    73,
    74,
    75
  ],
  "g_lr": [
    0.0002,
    0.0002,
    0.0002,
    0.0002,
    0.0002,
    0.0002,
    0.0002,
    0.0002,
    0.0002,
    0.0002,
    0.0002,
    0.0002,
    0.0002,
    0.0002,
    0.0002,
    0.0002,
    0.0002,
    0.0002,
    0.0002,
    0.0002,
    0.0002,
    0.0002,
    0.0002,
    0.0002,
    0.0002,
    0.0002,
    0.0002,
    0.0002,
    0.0002,
    0.0002,
    0.0002,
    0.0002,
    0.0002,
    0.0002,
    0.0002,
    0.0002,
    0.0002,
    0.0002,
    0.0002,
    0.0002,
    0.0002,
    0.0002,
    0.0002,
    0.0002,
    0.0002,
    0.0002,
    0.0002,
    0.0002,
    0.0002,
    0.0002,
    0.0002,
    0.0002,
    0.0002,
    0.0002,
    0.0002,
    0.0002,
    0.0002,
    0.0002,
    0.0002,
    0.0002,
    0.0002,
    0.0002,
    0.0002,
    0.0002,
    0.0002,
    0.0002,
    0.0002,
    0.0002,
    0.0002,
    0.0002,
    0.0002,
    0.0002,
    0.0002,
    0.0002,
    0.0002
  ],
  "d_lr": [
    0.0002,
    0.0002,
    0.0002,
    0.0002,
    0.0002,
    0.0002,
    0.0002,
    0.0002,
    0.0002,
    0.0002,
    0.0002,
    0.0002,
    0.0002,
    0.0002,
    0.0002,
    0.0002,
    0.0002,
    0.0002,
    0.0002,
    0.0002,
    0.0002,
    0.0002,
    0.0002,
    0.0002,
    0.0002,
    0.0002,
    0.0002,
    0.0002,
    0.0002,
    0.0002,
    0.0002,
    0.0002,
    0.0002,
    0.0002,
    0.0002,
    0.0002,
    0.0002,
    0.0002,
    0.0002,
    0.0002,
    0.0002,
    0.0002,
    0.0002,
    0.0002,
    0.0002,
    0.0002,
    0.0002,
    0.0002,
    0.0002,
    0.0002,
    0.0002,
    0.0002,
    0.0002,
    0.0002,
    0.0002,
    0.0002,
    0.0002,
    0.0002,
    0.0002,
    0.0002,
    0.0002,
    0.0002,
    0.0002,
    0.0002,
    0.0002,
    0.0002,
    0.0002,
    0.0002,
    0.0002,
    0.0002,
    0.0002,
    0.0002,
    0.0002,
    0.0002,
    0.0002
  ]
}