{
  "g_losses": [
    0.6800519619137049,
    0.7025150153785944,
    0.6765328850597143,
    0.6979655213654041,
    0.7075102534145117,
    0.7616441510617733,
    0.8272010143846273,
    0.8093895502388477,
    0.8327722083777189,
    0.8477461505681276,
    0.8508306294679642,
    0.8242100328207016,
    0.8441845793277025,
    0.8226731922477484,
    0.8710256163030863,
    0.8937739487737417,
    0.8922876305878162,
    0.9047139566391706,
    0.9190356377512217,
    0.9197690431028605,
    0.9545212481170893,
    0.9098294265568256,
    0.9621926266700029,
    0.9452774561941624,
    0.9027677420526743,
    0.9527448303997517,
    0.9422778319567442,
    0.97716274112463,
    0.9513572081923485,
    0.9841736294329166,
    0.9856106620281935,
    0.9933903105556965,
    1.0009247716516256,
    1.0226643960922956,
    1.0326855834573507,
    1.040946263819933,
    1.0566807817667723,
    1.076194904744625,
    1.1042536869645119,
    1.1261570565402508,
    1.168084379285574,
    1.1052059922367334,
    1.1616445630788803,
    1.1383610665798187,
    1.2088034842163324,
    1.1965959332883358,
    1.2051808796823025,
    1.2435316815972328,
    1.242970298975706,
    1.2518565692007542,
    1.248853638768196,
    1.2653890084475279,
    1.2827206961810589,
    1.2601794004440308,
    1.3346993066370487,
    1.3650620840489864,
    1.3470179587602615,
    1.3664099164307117,
    1.3894293755292892,
    1.3898523710668087,
    1.4055146910250187,
    1.432821873575449,
    1.4750993065536022,
    1.4542464576661587,
    1.5645905248820782,
    1.5375991351902485,
    1.488247875124216,
    1.5971065275371075,
    1.5308879129588604,
    1.5899789072573185,
    1.6296903491020203,
    1.571354929357767,
    1.5931076034903526,
    1.7079166434705257,
    1.6272727735340595
  ],
  "d_losses": [
    1.332595106214285,
    1.3150662183761597,
    1.3445421606302261,
    1.318502239882946,
    1.2579809688031673,
    1.1959126628935337,
    1.1485860906541348,
    1.1600152626633644,
    1.1635701097548008,
    1.1862629540264606,
    1.2723777815699577,
    1.2806314155459404,
    1.2215046472847462,
    1.2097426857799292,
    1.1897826567292213,
    1.1718834824860096,
    1.1604459062218666,
    1.1442865617573261,
    1.172119151800871,
    1.1611461844295263,
    1.1489989776164293,
    1.1557491682469845,
    1.1437701620161533,
    1.1594264283776283,
    1.1851883418858051,
    1.170367531478405,
    1.1712968237698078,
    1.155540730804205,
    1.1304015163332224,
    1.1241820100694895,
    1.1099142152816057,
    1.0827732235193253,
    1.1158066671341658,
    1.1181494854390621,
    1.1080252900719643,
    1.0978234577924013,
    1.1044294703751802,
    1.037500198930502,
    1.061227584257722,
    1.0246454514563084,
    0.9884579088538885,
    1.012320525944233,
    0.9845495466142893,
    1.020113656297326,
    0.9933741297572851,
    1.005160503089428,
    0.9698746632784605,
    0.9717163797467947,
    0.9795074872672558,
    0.9940420687198639,
    0.9641772899776697,
    0.9560329485684633,
    0.9333842433989048,
    0.9393887165933847,
    0.9298981931060553,
    0.9082064479589462,
    0.9079525582492352,
    0.882384866476059,
    0.9010368473827839,
    0.8869453091174364,
    0.8675804119557142,
    0.8423984292894602,
    0.8400740381330252,
    0.805695615708828,
    0.8347851019352674,
    0.7800489496439695,
    0.7900644969195127,
    0.812767431139946,
    0.8007305767387152,
    0.8016857150942087,
    0.8076706435531378,
    0.7628327365964651,
    0.8033012468367815,
    0.772413682192564,
    0.764776524156332
  ],
  "epochs": [
    1,
    2,
    3,
    4,
    5,
    6,
    7,
    8,
    9,
    10,
    11,
    12,
    13,
    14,
    15,
    16,
    17,
    18,
    19,
    20,
    21,
    22,
    23,
    24,
    25,
    26,
    27,
    28,
    29,
    30,
    31,
    32,
    33,
    34,
    35,
    36,
    37,
    38,
    39,
    40,
    41,
    42,
    43,
    44,
    45,
    46,
    47,
    48,
    49,
    50,
    51,
    52,
    53,
    54,
    55,
    56,
    57,
    58,
    59,
    60,
    61,
    62,
    63,
    64,
    65,
    66,
    67,
    68,
    69,
    70,
    71,
    72,
    73,
    74,
    75
  ],
  "g_lr": [
    0.0002,
    0.0002,
    0.0002,
    0.0002,
    0.0002,
    0.0002,
    0.0002,
    0.0002,
    0.0002,
    0.0002,
    0.0002,
    0.0002,
    0.0002,
    0.0002,
    0.0002,
    0.0002,
    0.0002,
    0.0002,
    0.0002,
    0.0002,
    0.0002,
    0.0002,
    0.0002,
    0.0002,
    0.0002,
    0.0002,
    0.0002,
    0.0002,
    0.0002,
    0.0002,
    0.0002,
    0.0002,
    0.0002,
    0.0002,
    0.0002,
    0.0002,
    0.0002,
    0.0002,
    0.0002,
    0.0002,
    0.0002,
    0.0002,
    0.0002,
    0.0002,
    0.0002,
    0.0002,
    0.0002,
    0.0002,
    0.0002,
    0.0002,
    0.0002,
    0.0002,
    0.0002,
    0.0002,
    0.0002,
    0.0002,
    0.0002,
    0.0002,
    0.0002,
    0.0002,
    0.0002,
    0.0002,
    0.0002,
    0.0002,
    0.0002,
    0.0002,
    0.0002,
    0.0002,
    0.0002,
    0.0002,
    0.0002,
    0.0002,
    0.0002,
    0.0002,
    0.0002
  ],
  "d_lr": [
    0.0002,
    0.0002,
    0.0002,
    0.0002,
    0.0002,
    0.0002,
    0.0002,
    0.0002,
    0.0002,
    0.0002,
    0.0002,
    0.0002,
    0.0002,
    0.0002,
    0.0002,
    0.0002,
    0.0002,
    0.0002,
    0.0002,
    0.0002,
    0.0002,
    0.0002,
    0.0002,
    0.0002,
    0.0002,
    0.0002,
    0.0002,
    0.0002,
    0.0002,
    0.0002,
    0.0002,
    0.0002,
    0.0002,
    0.0002,
    0.0002,
    0.0002,
    0.0002,
    0.0002,
    0.0002,
    0.0002,
    0.0002,
    0.0002,
    0.0002,
    0.0002,
    0.0002,
    0.0002,
    0.0002,
    0.0002,
    0.0002,
    0.0002,
    0.0002,
    0.0002,
    0.0002,
    0.0002,
    0.0002,
    0.0002,
    0.0002,
    0.0002,
    0.0002,
    0.0002,
    0.0002,
    0.0002,
    0.0002,
    0.0002,
    0.0002,
    0.0002,
    0.0002,
    0.0002,
    0.0002,
    0.0002,
    0.0002,
    0.0002,
    0.0002,
    0.0002,
    0.0002
  ]
}