{
  "g_losses": [
    51.30859375,
    50.6640625,
    50.87890625,
    56.93359375,
    68.30078125,
    65.56640625,
    66.9921875,
    67.6171875,
    66.77734375,
    68.22265625,
    65.76171875,
    68.0859375,
    67.87109375,
    67.96875,
    67.2265625,
    68.125,
    66.77734375,
    66.46484375,
    66.03515625,
    66.9921875,
    66.5234375,
    66.89453125,
    66.484375,
    67.6171875,
    66.5625,
    66.796875,
    67.87109375,
    66.03515625,
    67.05078125,
    67.12890625,
    66.875,
    66.1328125,
    67.265625,
    67.8125,
    66.0546875,
    66.77734375,
    67.12890625,
    66.46484375,
    68.10546875,
    66.69921875,
    67.1875,
    66.25,
    66.4453125,
    67.109375,
    67.3828125,
    67.16796875,
    66.71875,
    67.67578125,
    67.5390625,
    67.01171875
  ],
  "d_losses": [
    99.53125,
    100.234375,
    100.859375,
    99.27734375,
    98.61328125,
    99.296875,
    99.08203125,
    100.5859375,
    99.8828125,
    100.33203125,
    100.83984375,
    99.86328125,
    98.90625,
    99.98046875,
    98.1640625,
    100.46875,
    99.82421875,
    100.3125,
    99.16015625,
    101.58203125,
    101.40625,
    99.140625,
    100.1171875,
    99.04296875,
    99.9609375,
    100.91796875,
    100.078125,
    101.19140625,
    98.69140625,
    100.8984375,
    100.44921875,
    100.4296875,
    100.2734375,
    101.58203125,
    100.21484375,
    99.84375,
    97.6171875,
    100.5078125,
    100.99609375,
    99.31640625,
    98.3203125,
    98.6328125,
    101.19140625,
    101.34765625,
    100.1171875,
    101.0546875,
    100.72265625,
    99.86328125,
    99.4921875,
    99.7265625
  ],
  "epochs": [
    1,
    2,
    3,
    4,
    5,
    6,
    7,
    8,
    9,
    10,
    11,
    12,
    13,
    14,
    15,
    16,
    17,
    18,
    19,
    20,
    21,
    22,
    23,
    24,
    25,
    26,
    27,
    28,
    29,
    30,
    31,
    32,
    33,
    34,
    35,
    36,
    37,
    38,
    39,
    40,
    41,
    42,
    43,
    44,
    45,
    46,
    47,
    48,
    49,
    50
  ]
}