{
  "g_losses": [
    0.6800519619137049,
    0.7025150153785944,
    0.6765328850597143,
    0.6979655213654041,
    0.7075102534145117,
    0.7616441510617733,
    0.8272010143846273,
    0.8093895502388477,
    0.8327722083777189,
    0.8477461505681276,
    0.8508306294679642,
    0.8242100328207016,
    0.8441845793277025,
    0.8226731922477484,
    0.8710256163030863,
    0.8937739487737417,
    0.8922876305878162,
    0.9047139566391706,
    0.9190356377512217,
    0.9197690431028605,
    0.9545212481170893,
    0.9098294265568256,
    0.9621926266700029,
    0.9452774561941624,
    0.9027677420526743,
    0.9527448303997517,
    0.9422778319567442,
    0.97716274112463,
    0.9513572081923485,
    0.9841736294329166,
    0.9856106620281935,
    0.9933903105556965,
    1.0009247716516256,
    1.0226643960922956,
    1.0326855834573507,
    1.040946263819933,
    1.0566807817667723,
    1.076194904744625,
    1.1042536869645119,
    1.1261570565402508,
    1.168084379285574,
    1.1052059922367334,
    1.1616445630788803,
    1.1383610665798187,
    1.2088034842163324,
    1.1965959332883358,
    1.2051808796823025,
    1.2435316815972328,
    1.242970298975706,
    1.2518565692007542
  ],
  "d_losses": [
    1.332595106214285,
    1.3150662183761597,
    1.3445421606302261,
    1.318502239882946,
    1.2579809688031673,
    1.1959126628935337,
    1.1485860906541348,
    1.1600152626633644,
    1.1635701097548008,
    1.1862629540264606,
    1.2723777815699577,
    1.2806314155459404,
    1.2215046472847462,
    1.2097426857799292,
    1.1897826567292213,
    1.1718834824860096,
    1.1604459062218666,
    1.1442865617573261,
    1.172119151800871,
    1.1611461844295263,
    1.1489989776164293,
    1.1557491682469845,
    1.1437701620161533,
    1.1594264283776283,
    1.1851883418858051,
    1.170367531478405,
    1.1712968237698078,
    1.155540730804205,
    1.1304015163332224,
    1.1241820100694895,
    1.1099142152816057,
    1.0827732235193253,
    1.1158066671341658,
    1.1181494854390621,
    1.1080252900719643,
    1.0978234577924013,
    1.1044294703751802,
    1.037500198930502,
    1.061227584257722,
    1.0246454514563084,
    0.9884579088538885,
    1.012320525944233,
    0.9845495466142893,
    1.020113656297326,
    0.9933741297572851,
    1.005160503089428,
    0.9698746632784605,
    0.9717163797467947,
    0.9795074872672558,
    0.9940420687198639
  ],
  "epochs": [
    1,
    2,
    3,
    4,
    5,
    6,
    7,
    8,
    9,
    10,
    11,
    12,
    13,
    14,
    15,
    16,
    17,
    18,
    19,
    20,
    21,
    22,
    23,
    24,
    25,
    26,
    27,
    28,
    29,
    30,
    31,
    32,
    33,
    34,
    35,
    36,
    37,
    38,
    39,
    40,
    41,
    42,
    43,
    44,
    45,
    46,
    47,
    48,
    49,
    50
  ],
  "g_lr": [
    0.0002,
    0.0002,
    0.0002,
    0.0002,
    0.0002,
    0.0002,
    0.0002,
    0.0002,
    0.0002,
    0.0002,
    0.0002,
    0.0002,
    0.0002,
    0.0002,
    0.0002,
    0.0002,
    0.0002,
    0.0002,
    0.0002,
    0.0002,
    0.0002,
    0.0002,
    0.0002,
    0.0002,
    0.0002,
    0.0002,
    0.0002,
    0.0002,
    0.0002,
    0.0002,
    0.0002,
    0.0002,
    0.0002,
    0.0002,
    0.0002,
    0.0002,
    0.0002,
    0.0002,
    0.0002,
    0.0002,
    0.0002,
    0.0002,
    0.0002,
    0.0002,
    0.0002,
    0.0002,
    0.0002,
    0.0002,
    0.0002,
    0.0002
  ],
  "d_lr": [
    0.0002,
    0.0002,
    0.0002,
    0.0002,
    0.0002,
    0.0002,
    0.0002,
    0.0002,
    0.0002,
    0.0002,
    0.0002,
    0.0002,
    0.0002,
    0.0002,
    0.0002,
    0.0002,
    0.0002,
    0.0002,
    0.0002,
    0.0002,
    0.0002,
    0.0002,
    0.0002,
    0.0002,
    0.0002,
    0.0002,
    0.0002,
    0.0002,
    0.0002,
    0.0002,
    0.0002,
    0.0002,
    0.0002,
    0.0002,
    0.0002,
    0.0002,
    0.0002,
    0.0002,
    0.0002,
    0.0002,
    0.0002,
    0.0002,
    0.0002,
    0.0002,
    0.0002,
    0.0002,
    0.0002,
    0.0002,
    0.0002,
    0.0002
  ]
}