{
  "g_losses": [
    0.7607282805950084,
    0.761394295286625,
    0.7498493790626526,
    0.8555285258496061,
    0.9457224607467651,
    0.9164664593148739,
    0.9114417167420082,
    0.897116926122219,
    0.9293852790873102,
    0.9509187480236622,
    0.9294711744531672,
    0.9669340493831229,
    0.9698268010261211,
    0.9511142918404113,
    0.9764685402525232,
    0.9895021116479914,
    1.0022352249064344,
    1.0049184624184953,
    1.0592562898676445,
    1.0679400119375675,
    1.1232298460412533,
    1.1348552856039493,
    1.1658496273324845,
    1.2197930077289014,
    1.2588321376354137
  ],
  "d_losses": [
    1.2580664081776396,
    1.2575181443640526,
    1.247830256502679,
    1.1405193957876651,
    1.0986583689425855,
    1.1900750068908041,
    1.2120890820280035,
    1.1758758514485461,
    1.1381003552294793,
    1.132237951806251,
    1.1393835493858824,
    1.148062325538473,
    1.167334442443036,
    1.1445535839872156,
    1.141076700484499,
    1.133255219205897,
    1.1131478928505105,
    1.1036769849188783,
    1.0854285574973899,
    1.063797638771382,
    1.040910634588688,
    1.0009229906061863,
    0.9646885597959478,
    0.9583126864534743,
    0.9276898452576171
  ],
  "epochs": [
    1,
    2,
    3,
    4,
    5,
    6,
    7,
    8,
    9,
    10,
    11,
    12,
    13,
    14,
    15,
    16,
    17,
    18,
    19,
    20,
    21,
    22,
    23,
    24,
    25
  ],
  "g_lr": [
    0.0002,
    0.0002,
    0.0002,
    0.0002,
    0.0002,
    0.0002,
    0.0002,
    0.0002,
    0.0002,
    0.0002,
    0.0002,
    0.0002,
    0.0002,
    0.0002,
    0.0002,
    0.0002,
    0.0002,
    0.0002,
    0.0002,
    0.0002,
    0.0002,
    0.0002,
    0.0002,
    0.0002,
    0.0002
  ],
  "d_lr": [
    0.0002,
    0.0002,
    0.0002,
    0.0002,
    0.0002,
    0.0002,
    0.0002,
    0.0002,
    0.0002,
    0.0002,
    0.0002,
    0.0002,
    0.0002,
    0.0002,
    0.0002,
    0.0002,
    0.0002,
    0.0002,
    0.0002,
    0.0002,
    0.0002,
    0.0002,
    0.0002,
    0.0002,
    0.0002
  ]
}