{
  "g_losses": [
    51.30859375,
    50.6640625,
    50.87890625,
    56.93359375,
    68.30078125,
    65.56640625,
    66.9921875,
    67.6171875,
    66.77734375,
    68.22265625,
    65.76171875,
    68.0859375,
    67.87109375,
    67.96875,
    67.2265625,
    68.125,
    66.77734375,
    66.46484375,
    66.03515625,
    66.9921875
  ],
  "d_losses": [
    99.53125,
    100.234375,
    100.859375,
    99.27734375,
    98.61328125,
    99.296875,
    99.08203125,
    100.5859375,
    99.8828125,
    100.33203125,
    100.83984375,
    99.86328125,
    98.90625,
    99.98046875,
    98.1640625,
    100.46875,
    99.82421875,
    100.3125,
    99.16015625,
    101.58203125
  ],
  "epochs": [
    1,
    2,
    3,
    4,
    5,
    6,
    7,
    8,
    9,
    10,
    11,
    12,
    13,
    14,
    15,
    16,
    17,
    18,
    19,
    20
  ]
}