{
  "g_losses": [
    0.6800519619137049,
    0.7025150153785944,
    0.6765328850597143,
    0.6979655213654041,
    0.7075102534145117,
    0.7616441510617733,
    0.8272010143846273,
    0.8093895502388477,
    0.8327722083777189,
    0.8477461505681276,
    0.8508306294679642,
    0.8242100328207016,
    0.8441845793277025,
    0.8226731922477484,
    0.8710256163030863,
    0.8937739487737417,
    0.8922876305878162,
    0.9047139566391706,
    0.9190356377512217,
    0.9197690431028605,
    0.9545212481170893,
    0.9098294265568256,
    0.9621926266700029,
    0.9452774561941624,
    0.9027677420526743
  ],
  "d_losses": [
    1.332595106214285,
    1.3150662183761597,
    1.3445421606302261,
    1.318502239882946,
    1.2579809688031673,
    1.1959126628935337,
    1.1485860906541348,
    1.1600152626633644,
    1.1635701097548008,
    1.1862629540264606,
    1.2723777815699577,
    1.2806314155459404,
    1.2215046472847462,
    1.2097426857799292,
    1.1897826567292213,
    1.1718834824860096,
    1.1604459062218666,
    1.1442865617573261,
    1.172119151800871,
    1.1611461844295263,
    1.1489989776164293,
    1.1557491682469845,
    1.1437701620161533,
    1.1594264283776283,
    1.1851883418858051
  ],
  "epochs": [
    1,
    2,
    3,
    4,
    5,
    6,
    7,
    8,
    9,
    10,
    11,
    12,
    13,
    14,
    15,
    16,
    17,
    18,
    19,
    20,
    21,
    22,
    23,
    24,
    25
  ],
  "g_lr": [
    0.0002,
    0.0002,
    0.0002,
    0.0002,
    0.0002,
    0.0002,
    0.0002,
    0.0002,
    0.0002,
    0.0002,
    0.0002,
    0.0002,
    0.0002,
    0.0002,
    0.0002,
    0.0002,
    0.0002,
    0.0002,
    0.0002,
    0.0002,
    0.0002,
    0.0002,
    0.0002,
    0.0002,
    0.0002
  ],
  "d_lr": [
    0.0002,
    0.0002,
    0.0002,
    0.0002,
    0.0002,
    0.0002,
    0.0002,
    0.0002,
    0.0002,
    0.0002,
    0.0002,
    0.0002,
    0.0002,
    0.0002,
    0.0002,
    0.0002,
    0.0002,
    0.0002,
    0.0002,
    0.0002,
    0.0002,
    0.0002,
    0.0002,
    0.0002,
    0.0002
  ]
}