{
  "g_losses": [
    68.76990445859873,
    69.40684713375796,
    69.7452229299363,
    69.6656050955414,
    70.36226114649682,
    69.32722929936305,
    69.90445859872611,
    70.82006369426752,
    70.0437898089172,
    70.5812101910828
  ],
  "d_losses": [
    100.93550955414013,
    98.52707006369427,
    101.671974522293,
    99.90047770700637,
    100.03980891719745,
    97.77070063694268,
    99.96019108280255,
    99.12420382165605,
    99.58200636942675,
    99.88057324840764
  ],
  "epochs": [
    1,
    2,
    3,
    4,
    5,
    6,
    7,
    8,
    9,
    10
  ]
}