{
  "g_losses": [
    0.7607282805950084
  ],
  "d_losses": [
    1.2580664081776396
  ],
  "epochs": [
    1
  ],
  "g_lr": [
    0.0002
  ],
  "d_lr": [
    0.0002
  ]
}